City_ID,City,Lat,Lng,Current Description,Max Temp,Humidity,Cloudiness,Wind Speed,Country,Date
0,Guerrero Negro,27.9769,-114.0611,broken clouds,65.3,69,81,8.15,MX,2022-05-16 16:57:42
1,New Norfolk,-42.7826,147.0587,broken clouds,47.7,63,66,3.98,AU,2022-05-16 16:57:43
2,Kodiak,57.79,-152.4072,scattered clouds,43.7,61,27,2.41,US,2022-05-16 16:57:43
3,Hobart,-42.8794,147.3294,scattered clouds,48.1,87,40,5.66,AU,2022-05-16 16:57:10
4,Katherine,-14.4667,132.2667,clear sky,77.3,50,0,2.57,AU,2022-05-16 16:57:44
5,Mataura,-46.1927,168.8643,moderate rain,55.5,98,77,0.73,NZ,2022-05-16 16:57:45
6,Lahaina,20.8783,-156.6825,scattered clouds,76.8,79,46,1.69,US,2022-05-16 16:57:46
7,Butaritari,3.0707,172.7902,overcast clouds,81.3,71,97,7.77,KI,2022-05-16 16:57:46
8,Saldanha,-33.0117,17.9442,scattered clouds,82.5,46,47,4.29,ZA,2022-05-16 16:57:47
9,Puerto Ayora,-0.7393,-90.3518,broken clouds,80.6,89,74,1.34,EC,2022-05-16 16:55:56
10,Bambous Virieux,-20.3428,57.7575,scattered clouds,75.5,73,40,5.14,MU,2022-05-16 16:55:08
11,Portland,45.5234,-122.6762,overcast clouds,60.8,70,100,2.24,US,2022-05-16 16:57:48
12,Tiksi,71.6872,128.8694,light snow,19.0,95,100,5.39,RU,2022-05-16 16:57:49
13,Shushtar,32.0455,48.8567,clear sky,100.3,11,0,5.53,IR,2022-05-16 16:57:50
14,Yellowknife,62.456,-114.3525,broken clouds,45.1,61,75,6.17,CA,2022-05-16 16:57:50
15,Capinopolis,-18.6819,-49.5697,overcast clouds,70.9,74,98,4.33,BR,2022-05-16 16:57:51
16,Port-Gentil,-0.7193,8.7815,scattered clouds,84.2,84,40,4.63,GA,2022-05-16 16:57:52
17,Hamilton,39.1834,-84.5333,few clouds,74.7,58,21,2.68,US,2022-05-16 16:53:28
18,Berlevag,70.8578,29.0864,broken clouds,37.4,70,75,9.77,NO,2022-05-16 16:57:53
19,Kapoeta,4.7717,33.5903,scattered clouds,85.2,36,49,4.07,SS,2022-05-16 16:57:54
20,Kaitangata,-46.2817,169.8464,broken clouds,51.8,81,68,1.84,NZ,2022-05-16 16:57:55
21,Pangnirtung,66.1451,-65.7125,few clouds,24.8,80,20,2.57,CA,2022-05-16 16:57:55
22,Vanimo,-2.6741,141.3028,broken clouds,78.9,85,59,1.42,PG,2022-05-16 16:57:56
23,Kavieng,-2.5744,150.7967,broken clouds,81.0,76,71,3.52,PG,2022-05-16 16:57:57
24,Cidreira,-30.1811,-50.2056,clear sky,58.3,58,6,8.65,BR,2022-05-16 16:57:57
25,Rikitea,-23.1203,-134.9692,scattered clouds,77.3,68,44,8.87,PF,2022-05-16 16:57:58
26,Epe,6.5841,3.9834,light rain,84.4,75,99,3.88,NG,2022-05-16 16:58:00
27,Bluff,-46.6,168.3333,overcast clouds,55.8,81,98,7.48,NZ,2022-05-16 16:58:00
28,Lebu,-37.6167,-73.65,clear sky,61.0,44,6,1.61,CL,2022-05-16 16:58:01
29,Ushuaia,-54.8,-68.3,clear sky,47.9,61,0,2.57,AR,2022-05-16 16:58:02
30,Bluefields,12.0137,-83.7635,scattered clouds,77.1,100,40,2.06,NI,2022-05-16 16:58:02
31,Bubaque,11.2833,-15.8333,broken clouds,79.9,82,60,5.71,GW,2022-05-16 16:58:03
32,Katsuura,35.1333,140.3,overcast clouds,58.3,95,100,6.09,JP,2022-05-16 16:58:04
33,Punta Arenas,-53.15,-70.9167,clear sky,41.0,87,0,3.09,CL,2022-05-16 16:53:37
34,Alta Floresta,-9.8756,-56.0861,broken clouds,94.8,52,75,2.06,BR,2022-05-16 16:58:05
35,Adre,13.4667,22.2,overcast clouds,86.8,35,89,6.63,TD,2022-05-16 16:58:06
36,Hermanus,-34.4187,19.2345,scattered clouds,69.5,43,45,1.11,ZA,2022-05-16 16:58:06
37,Barrow,71.2906,-156.7887,overcast clouds,14.1,91,97,5.21,US,2022-05-16 16:58:07
38,Khartoum,15.5518,32.5324,clear sky,104.0,12,0,2.74,SD,2022-05-16 16:58:08
39,Boyolangu,-8.1181,111.8935,broken clouds,75.5,88,69,0.26,ID,2022-05-16 16:58:08
40,Port Elizabeth,-33.918,25.5701,clear sky,74.1,83,0,3.6,ZA,2022-05-16 16:57:09
41,Vila Franca Do Campo,37.7167,-25.4333,broken clouds,63.0,63,60,6.96,PT,2022-05-16 16:58:09
42,Hirara,24.8,125.2833,overcast clouds,70.1,86,100,10.43,JP,2022-05-16 16:58:10
43,Horsham,51.064,-0.3272,few clouds,69.0,73,20,7.2,GB,2022-05-16 16:58:11
44,Bethel,41.3712,-73.414,broken clouds,81.4,77,75,5.14,US,2022-05-16 16:58:11
45,Yerbogachen,61.2767,108.0108,few clouds,46.5,81,16,2.45,RU,2022-05-16 16:59:12
46,Kapaa,22.0752,-159.319,light rain,73.4,95,57,0.45,US,2022-05-16 16:59:13
47,Albany,42.6001,-73.9662,broken clouds,81.0,65,61,1.34,US,2022-05-16 16:59:14
48,Jamestown,42.097,-79.2353,light rain,56.0,96,100,4.12,US,2022-05-16 16:59:14
49,Avera,33.194,-82.5271,few clouds,88.4,40,13,4.28,US,2022-05-16 16:59:15
50,Dzhebariki-Khaya,62.2167,135.8,overcast clouds,36.0,70,100,2.0,RU,2022-05-16 16:59:16
51,Ledyard,41.4398,-72.0142,scattered clouds,83.4,77,40,4.12,US,2022-05-16 16:59:17
52,Upernavik,72.7868,-56.1549,broken clouds,19.9,78,67,4.15,GL,2022-05-16 16:59:17
53,Petropavlovsk-Kamchatskiy,53.0452,158.6483,mist,30.8,100,100,1.0,RU,2022-05-16 16:59:18
54,Dalbandin,28.8947,64.4101,clear sky,85.6,12,0,5.02,PK,2022-05-16 16:59:19
55,Tigil,57.8,158.6667,light rain,40.5,84,100,2.1,RU,2022-05-16 16:59:19
56,San Patricio,28.017,-97.5169,clear sky,90.9,33,3,5.5,US,2022-05-16 16:59:20
57,Fortuna,40.5982,-124.1573,overcast clouds,56.9,94,100,6.17,US,2022-05-16 16:59:21
58,Acapulco,16.8634,-99.8901,scattered clouds,88.5,49,49,3.58,MX,2022-05-16 16:55:23
59,Yenagoa,4.9247,6.2642,moderate rain,80.7,86,93,2.23,NG,2022-05-16 16:59:22
60,Saint-Francois,46.4154,3.9054,clear sky,78.2,44,0,1.54,FR,2022-05-16 16:59:23
61,Ribeira Grande,38.5167,-28.7,few clouds,61.2,63,20,9.77,PT,2022-05-16 16:59:24
62,Souillac,-20.5167,57.5167,scattered clouds,75.6,73,40,5.14,MU,2022-05-16 16:59:24
63,Vardo,70.3705,31.1107,broken clouds,37.4,81,75,12.35,NO,2022-05-16 16:59:25
64,Port Hedland,-20.3167,118.5667,broken clouds,69.9,83,75,6.17,AU,2022-05-16 16:59:26
65,Hovd,48.0056,91.6419,overcast clouds,58.2,39,100,5.85,MN,2022-05-16 16:59:26
66,Busselton,-33.65,115.3333,broken clouds,60.3,65,82,4.87,AU,2022-05-16 16:59:27
67,Bredasdorp,-34.5322,20.0403,clear sky,68.0,27,0,1.48,ZA,2022-05-16 16:57:04
68,Vaini,-21.2,-175.2,few clouds,70.0,73,20,2.57,TO,2022-05-16 16:59:28
69,East London,-33.0153,27.9116,clear sky,68.9,88,0,3.09,ZA,2022-05-16 16:59:29
70,Baykit,61.67,96.37,light rain,52.9,88,94,1.85,RU,2022-05-16 16:59:30
71,Kavaratti,10.5669,72.642,overcast clouds,81.7,78,100,8.94,IN,2022-05-16 16:59:30
72,Hilo,19.7297,-155.09,overcast clouds,78.3,89,100,2.24,US,2022-05-16 16:55:04
73,Port Keats,-14.25,129.55,clear sky,74.6,83,1,1.4,AU,2022-05-16 16:59:31
74,Turayf,31.6725,38.6637,clear sky,82.7,21,0,5.14,SA,2022-05-16 16:59:27
75,Asau,46.4333,26.4,overcast clouds,68.9,82,95,1.21,RO,2022-05-16 16:59:32
76,Atuona,-9.8,-139.0333,clear sky,78.4,70,5,7.38,PF,2022-05-16 16:59:33
77,Poitiers,46.5833,0.3333,clear sky,79.2,44,0,3.09,FR,2022-05-16 16:57:46
78,Hithadhoo,-0.6,73.0833,broken clouds,83.3,77,79,6.67,MV,2022-05-16 16:59:34
79,Atar,20.5169,-13.0499,scattered clouds,107.3,8,48,8.77,MR,2022-05-16 16:59:35
80,Camana,-16.6228,-72.7111,few clouds,69.8,70,18,5.09,PE,2022-05-16 16:59:35
81,Batagay-Alyta,67.8006,130.4114,broken clouds,4.4,97,71,2.47,RU,2022-05-16 16:59:36
82,Gubkinskiy,64.434,76.5026,overcast clouds,56.6,63,90,4.54,RU,2022-05-16 16:59:37
83,Clyde River,70.4692,-68.5914,few clouds,26.8,86,20,1.03,CA,2022-05-16 16:59:37
84,Mahebourg,-20.4081,57.7,scattered clouds,75.5,73,40,5.14,MU,2022-05-16 16:59:38
85,Caravelas,-17.7125,-39.2481,broken clouds,83.9,65,72,2.09,BR,2022-05-16 16:59:39
86,Florianopolis,-27.6146,-48.5012,scattered clouds,68.6,63,40,3.09,BR,2022-05-16 16:59:00
87,Litomysl,49.8681,16.313,broken clouds,76.5,69,70,2.06,CZ,2022-05-16 16:59:40
88,Meulaboh,4.1363,96.1285,overcast clouds,78.8,85,100,1.23,ID,2022-05-16 16:59:40
89,Richards Bay,-28.783,32.0377,clear sky,66.7,82,0,2.99,ZA,2022-05-16 16:59:41
90,Khani,41.9563,42.9566,broken clouds,51.4,95,75,1.06,GE,2022-05-16 17:00:42
91,Nikolskoye,59.7035,30.7861,overcast clouds,49.9,83,100,3.83,RU,2022-05-16 17:00:42
92,Port Alfred,-33.5906,26.891,clear sky,67.2,79,0,5.61,ZA,2022-05-16 17:00:43
93,Ponta Do Sol,32.6667,-17.1,clear sky,72.2,71,0,3.38,PT,2022-05-16 17:00:44
94,Cabo San Lucas,22.8909,-109.9124,overcast clouds,88.6,50,98,4.49,MX,2022-05-16 17:00:04
95,Kirakira,-10.4544,161.9205,overcast clouds,78.2,85,99,1.77,SB,2022-05-16 17:00:45
96,Camacha,33.0833,-16.3333,scattered clouds,67.4,78,40,4.63,PT,2022-05-16 17:00:45
97,Bilibino,68.0546,166.4372,overcast clouds,30.2,96,100,0.41,RU,2022-05-16 17:00:46
98,Ahipara,-35.1667,173.1667,scattered clouds,63.7,95,48,3.05,NZ,2022-05-16 17:00:46
99,Cagliari,39.245,9.0912,clear sky,78.0,55,0,5.14,IT,2022-05-16 17:00:47
100,Castro,-24.7911,-50.0119,broken clouds,60.3,63,82,3.4,BR,2022-05-16 17:00:48
101,Iqaluit,63.7506,-68.5145,overcast clouds,25.7,79,100,5.81,CA,2022-05-16 17:00:48
102,Tiarei,-17.5333,-149.3333,scattered clouds,80.6,74,33,7.4,PF,2022-05-16 17:00:49
103,Qaanaaq,77.484,-69.3632,scattered clouds,24.2,74,33,2.16,GL,2022-05-16 17:00:50
104,Broome,42.2506,-75.833,broken clouds,75.7,71,66,3.13,US,2022-05-16 17:00:50
105,Shawnee,39.05,-95.7669,clear sky,76.9,47,0,0.45,US,2022-05-16 16:59:06
106,Broken Hill,-31.95,141.4333,clear sky,52.4,65,0,3.01,AU,2022-05-16 17:00:51
107,Weligama,5.9667,80.4167,overcast clouds,79.0,89,100,6.36,LK,2022-05-16 17:00:52
108,Cape Town,-33.9258,18.4232,clear sky,79.2,34,0,3.6,ZA,2022-05-16 16:56:31
109,Jishou,28.3167,109.7167,overcast clouds,60.7,80,89,0.5,CN,2022-05-16 17:00:53
110,Longyearbyen,78.2186,15.6401,broken clouds,30.0,80,75,3.6,SJ,2022-05-16 17:00:54
111,Ladario,-19.0047,-57.6017,overcast clouds,66.7,58,100,3.24,BR,2022-05-16 17:00:55
112,Barra Do Garcas,-15.89,-52.2567,few clouds,88.4,43,18,2.97,BR,2022-05-16 16:57:30
113,Pingdingshan,33.7385,113.3012,clear sky,64.1,38,0,2.55,CN,2022-05-16 17:00:19
114,Sao Joao Da Barra,-21.6403,-41.0511,overcast clouds,81.5,59,100,2.14,BR,2022-05-16 17:00:56
115,Lorengau,-2.0226,147.2712,overcast clouds,80.2,75,95,2.17,PG,2022-05-16 17:00:57
116,Lagoa,39.05,-27.9833,light rain,56.9,66,14,12.52,PT,2022-05-16 17:00:57
117,Kahului,20.8947,-156.47,scattered clouds,76.8,77,42,3.15,US,2022-05-16 17:00:58
118,Lompoc,34.6391,-120.4579,mist,65.6,86,100,9.26,US,2022-05-16 17:00:59
119,Inza,53.8533,46.3586,light rain,48.7,90,100,5.16,RU,2022-05-16 17:01:00
120,Riyadh,24.6877,46.7219,clear sky,96.9,6,0,3.61,SA,2022-05-16 16:59:36
121,Saint-Philippe,-21.3585,55.7679,light rain,73.0,81,99,5.61,RE,2022-05-16 17:01:01
122,Adrar,20.5022,-10.0711,clear sky,105.5,6,6,7.61,MR,2022-05-16 17:01:01
123,Avarua,-21.2078,-159.775,light rain,76.9,77,86,6.93,CK,2022-05-16 17:01:02
124,Saskylakh,71.9167,114.0833,overcast clouds,24.0,90,100,2.93,RU,2022-05-16 17:01:03
125,Moron,-34.6534,-58.6198,broken clouds,60.0,68,84,6.26,AR,2022-05-16 17:01:03
126,Svecha,58.2785,47.5164,broken clouds,46.5,91,81,2.36,RU,2022-05-16 17:01:04
127,Norman Wells,65.282,-126.8329,overcast clouds,44.2,72,85,1.18,CA,2022-05-16 17:01:05
128,Georgetown,5.4112,100.3354,light rain,80.5,83,20,1.54,MY,2022-05-16 17:01:05
129,Torbay,47.6666,-52.7314,broken clouds,48.9,75,82,2.68,CA,2022-05-16 17:01:06
130,Kapatalan,14.4741,121.4903,overcast clouds,75.4,95,100,1.18,PH,2022-05-16 17:01:07
131,Chuy,-33.6971,-53.4616,broken clouds,57.7,68,56,8.03,UY,2022-05-16 17:01:07
132,Requena,39.4883,-1.1004,broken clouds,70.5,25,62,2.61,ES,2022-05-16 16:58:08
133,Brownsville,25.9018,-97.4975,clear sky,87.9,63,0,3.13,US,2022-05-16 16:57:57
134,Jambi,-1.6,103.6167,overcast clouds,74.4,99,99,1.67,ID,2022-05-16 17:00:19
135,Kloulklubed,7.0419,134.2556,clear sky,84.1,73,5,6.26,PW,2022-05-16 17:01:09
136,Sabae,35.9465,136.185,overcast clouds,57.3,76,100,1.29,JP,2022-05-16 17:01:10
137,Santa Engracia,41.9406,-1.3245,broken clouds,86.1,27,53,2.4,ES,2022-05-16 17:01:11
138,Quibdo,5.6947,-76.6611,overcast clouds,86.4,71,89,1.59,CO,2022-05-16 17:02:12
139,Naryan-Mar,67.6713,53.087,overcast clouds,34.8,93,100,5.97,RU,2022-05-16 17:02:12
140,Mawlaik,23.6333,94.4167,broken clouds,75.1,94,82,0.31,MM,2022-05-16 17:02:13
141,Henties Bay,-22.116,14.2845,clear sky,68.4,54,0,3.87,NA,2022-05-16 17:02:14
142,Port Hardy,50.6996,-127.4199,light rain,48.4,66,75,4.12,CA,2022-05-16 17:02:14
143,San Mateo Del Mar,16.2,-95.0,clear sky,89.6,47,6,8.64,MX,2022-05-16 17:02:15
144,Fare,-16.7,-151.0167,light rain,80.2,72,49,4.48,PF,2022-05-16 17:02:16
145,Kearney,40.6995,-99.0815,clear sky,74.0,45,3,4.47,US,2022-05-16 16:59:28
146,Tselinnoye,53.0833,85.6667,broken clouds,60.6,59,78,3.32,RU,2022-05-16 17:02:17
147,Chernyy Yar,48.0624,46.1091,broken clouds,57.4,52,55,4.88,RU,2022-05-16 17:02:17
148,Aswan,24.0934,32.907,overcast clouds,93.3,7,88,9.63,EG,2022-05-16 17:02:18
149,Mahuva,21.0914,71.7622,clear sky,87.4,53,1,6.96,IN,2022-05-16 17:02:19
150,Chapais,49.7834,-74.8492,overcast clouds,63.9,41,100,3.76,CA,2022-05-16 17:02:19
151,Kizukuri,40.8061,140.3861,overcast clouds,49.1,74,98,1.45,JP,2022-05-16 17:02:20
152,Pevek,69.7008,170.3133,overcast clouds,27.7,80,100,1.42,RU,2022-05-16 17:02:21
153,Guia Lopes Da Laguna,-21.4578,-56.1142,broken clouds,67.5,52,67,3.82,BR,2022-05-16 17:02:21
154,Mar Del Plata,-38.0023,-57.5575,light rain,53.0,83,100,3.58,AR,2022-05-16 17:02:22
155,Taoudenni,22.6783,-3.9836,clear sky,107.3,5,0,7.53,ML,2022-05-16 17:02:23
156,Jerez,14.1,-89.75,broken clouds,87.3,29,84,2.95,GT,2022-05-16 17:02:24
157,Slave Lake,55.2834,-114.769,haze,57.2,44,75,5.66,CA,2022-05-16 17:02:25
158,Matagami,49.7502,-77.6328,overcast clouds,65.0,36,100,2.29,CA,2022-05-16 17:02:26
159,Luderitz,-26.6481,15.1594,clear sky,71.4,33,2,0.79,NA,2022-05-16 17:02:26
160,Lavrentiya,65.5833,-171.0,broken clouds,20.0,82,59,2.11,RU,2022-05-16 17:02:27
161,Nelson Bay,-32.7167,152.15,clear sky,61.0,88,0,6.06,AU,2022-05-16 17:02:28
162,Bandarbeyla,9.4942,50.8122,scattered clouds,81.9,83,46,13.33,SO,2022-05-16 17:02:29
163,Ostrovskoye,57.8057,42.2433,light rain,45.3,97,100,2.99,RU,2022-05-16 17:02:29
164,Nata,8.3333,-80.5167,overcast clouds,78.9,87,100,1.85,PA,2022-05-16 17:02:30
165,Cap Malheureux,-19.9842,57.6142,scattered clouds,75.5,71,41,1.79,MU,2022-05-16 17:01:41
166,Pilikwe,-22.799,27.1938,few clouds,60.5,64,18,2.03,BW,2022-05-16 17:02:31
167,Te Anau,-45.4167,167.7167,overcast clouds,54.3,93,97,1.84,NZ,2022-05-16 17:02:32
168,Tuktoyaktuk,69.4541,-133.0374,light snow,32.7,98,100,3.25,CA,2022-05-16 17:02:32
169,Luanda,-8.8368,13.2343,few clouds,80.6,78,20,5.14,AO,2022-05-16 16:57:40
170,Kieta,-6.2167,155.6333,few clouds,77.9,83,14,0.99,PG,2022-05-16 17:02:33
171,Upington,-28.4478,21.2561,clear sky,72.2,28,0,3.75,ZA,2022-05-16 17:02:19
172,Oistins,13.0667,-59.5333,broken clouds,81.7,77,76,9.02,BB,2022-05-16 17:02:34
173,Iquitos,-3.7481,-73.2472,light rain,80.4,90,100,0.32,PE,2022-05-16 17:02:35
174,Codrington,-38.2667,141.9667,overcast clouds,50.6,74,100,5.12,AU,2022-05-16 17:02:36
175,Provideniya,64.3833,-173.3,few clouds,30.8,77,12,2.9,RU,2022-05-16 17:02:37
176,Poronaysk,49.2167,143.1167,overcast clouds,40.8,86,99,4.23,RU,2022-05-16 17:02:38
177,Kidal,18.4411,1.4078,few clouds,103.2,12,23,6.51,ML,2022-05-16 17:02:38
178,Srednekolymsk,67.45,153.6833,overcast clouds,32.7,99,99,2.19,RU,2022-05-16 17:02:39
179,Vao,-22.6667,167.4833,few clouds,74.0,76,15,7.96,NC,2022-05-16 17:02:40
180,Longkou,37.6508,120.3286,clear sky,60.6,41,1,2.23,CN,2022-05-16 17:02:40
181,Mastic Beach,40.7668,-72.8521,overcast clouds,72.7,85,100,3.09,US,2022-05-16 17:02:41
182,Constitucion,-35.3333,-72.4167,clear sky,62.8,50,2,1.45,CL,2022-05-16 17:02:42
183,Puerto Quijarro,-17.7833,-57.7667,overcast clouds,68.6,52,100,2.36,BO,2022-05-16 17:02:42
184,Marawi,7.9986,124.2928,broken clouds,69.8,93,82,1.0,PH,2022-05-16 17:03:43
185,Saint-Pierre,-21.3393,55.4781,overcast clouds,73.1,78,100,5.66,RE,2022-05-16 17:03:44
186,Malakal,9.5334,31.6605,light rain,85.4,52,42,3.2,SS,2022-05-16 17:03:44
187,Port Said,31.2565,32.2841,overcast clouds,69.8,73,100,4.9,EG,2022-05-16 17:03:45
188,Okha,53.5739,142.9478,overcast clouds,33.2,99,100,3.49,RU,2022-05-16 17:03:46
189,Klaksvik,62.2266,-6.589,scattered clouds,52.7,87,30,10.06,FO,2022-05-16 17:03:46
190,Warangal,18.0,79.5833,few clouds,92.7,45,15,1.33,IN,2022-05-16 17:03:47
191,Cine,37.6117,28.0614,few clouds,76.4,54,19,1.65,TR,2022-05-16 17:03:49
192,Port Macquarie,-31.4333,152.9167,scattered clouds,59.9,100,40,0.0,AU,2022-05-16 17:03:49
193,Dingle,10.9995,122.6711,broken clouds,77.6,87,72,0.99,PH,2022-05-16 17:03:50
194,Shirokiy,49.758,129.523,overcast clouds,42.9,51,88,4.06,RU,2022-05-16 17:03:51
195,Vaasa,63.096,21.6158,clear sky,45.3,57,0,4.63,FI,2022-05-16 17:03:52
196,Port Lincoln,-34.7333,135.8667,overcast clouds,57.7,67,96,3.39,AU,2022-05-16 17:03:53
197,Sur,22.5667,59.5289,clear sky,87.4,39,0,4.2,OM,2022-05-16 17:03:53
198,Khrebtovaya,56.7032,104.2494,overcast clouds,53.6,75,100,3.2,RU,2022-05-16 17:03:54
199,Taman,45.2117,36.7161,few clouds,60.6,71,19,3.72,RU,2022-05-16 17:03:55
200,Kalabo,-14.97,22.6814,clear sky,65.2,45,1,2.01,ZM,2022-05-16 17:03:55
201,Linxia,35.6003,103.2064,broken clouds,51.3,47,56,1.43,CN,2022-05-16 17:03:56
202,Omsukchan,62.5333,155.8,overcast clouds,28.8,98,100,2.9,RU,2022-05-16 17:03:57
203,Lazaro Cardenas,17.9583,-102.2,overcast clouds,87.6,41,88,2.85,MX,2022-05-16 17:03:58
204,Chokurdakh,70.6333,147.9167,light snow,24.7,96,100,4.61,RU,2022-05-16 17:03:59
205,Calvinia,-31.4707,19.776,clear sky,68.1,18,0,3.21,ZA,2022-05-16 17:03:59
206,Vostok,46.4856,135.8833,scattered clouds,36.0,69,25,2.28,RU,2022-05-16 17:04:00
207,Oshkosh,44.0247,-88.5426,clear sky,71.7,41,10,6.92,US,2022-05-16 17:02:24
208,Tadine,-21.55,167.8833,broken clouds,74.9,76,59,6.15,NC,2022-05-16 17:04:02
209,Zaragoza,41.6561,-0.8773,clear sky,87.0,23,0,3.09,ES,2022-05-16 17:01:54
210,Axim,4.8699,-2.2405,broken clouds,83.2,73,78,2.87,GH,2022-05-16 17:04:04
211,Pangai,-19.8,-174.35,overcast clouds,75.7,68,99,7.78,TO,2022-05-16 17:04:05
212,Thompson,55.7435,-97.8558,scattered clouds,44.0,47,26,3.66,CA,2022-05-16 17:04:05
213,Kelvington,52.1667,-103.5343,overcast clouds,46.6,59,100,3.04,CA,2022-05-16 17:04:06
214,Vila Velha,-20.3297,-40.2925,clear sky,84.1,61,0,1.54,BR,2022-05-16 16:59:29
215,Turukhansk,65.8167,87.9833,overcast clouds,50.2,79,100,3.96,RU,2022-05-16 17:04:07
216,Carnarvon,-24.8667,113.6333,clear sky,70.9,56,0,4.54,AU,2022-05-16 17:04:08
217,Huangnihe,43.5583,128.0239,scattered clouds,42.8,72,38,1.3,CN,2022-05-16 17:04:09
218,Aklavik,68.2191,-135.0107,overcast clouds,31.8,91,100,5.93,CA,2022-05-16 17:04:10
219,Nyamati,14.15,75.5833,moderate rain,76.6,88,100,4.93,IN,2022-05-16 17:04:11
220,Khatanga,71.9667,102.5,overcast clouds,27.0,92,97,4.26,RU,2022-05-16 17:04:11
221,Shingu,33.7333,135.9833,overcast clouds,58.7,92,100,1.56,JP,2022-05-16 17:04:12
222,Redcliffe,-27.2307,153.0973,fog,71.5,94,40,0.51,AU,2022-05-16 17:04:13
223,New Albany,38.2856,-85.8241,few clouds,75.3,49,20,3.6,US,2022-05-16 17:04:13
224,Ekhabi,53.5102,142.9671,overcast clouds,33.3,99,100,3.99,RU,2022-05-16 17:04:14
225,Arraial Do Cabo,-22.9661,-42.0278,scattered clouds,76.9,73,40,4.63,BR,2022-05-16 17:04:15
226,San Carlos De Bariloche,-41.1456,-71.3082,clear sky,49.4,41,0,3.6,AR,2022-05-16 17:05:15
227,Fukuyama,34.4833,133.3667,light rain,61.9,63,100,1.14,JP,2022-05-16 17:05:16
228,Port Augusta,-32.5,137.7667,clear sky,53.5,78,0,2.04,AU,2022-05-16 17:05:17
229,Kaoma,-14.7833,24.8,few clouds,62.4,56,14,1.96,ZM,2022-05-16 17:05:18
230,Caernarfon,53.1413,-4.2702,broken clouds,62.6,46,75,6.17,GB,2022-05-16 17:05:18
231,Lyubytino,58.8122,33.3922,overcast clouds,47.7,84,100,4.11,RU,2022-05-16 17:05:19
232,Mogadishu,2.0371,45.3438,clear sky,80.6,83,5,7.89,SO,2022-05-16 17:05:20
233,Raudeberg,61.9875,5.1352,clear sky,61.5,70,3,7.28,NO,2022-05-16 17:05:20
234,Los Llanos De Aridane,28.6585,-17.9182,few clouds,70.1,74,20,2.57,ES,2022-05-16 17:05:21
235,Ekibastuz,51.6667,75.3667,scattered clouds,66.2,42,36,5.26,KZ,2022-05-16 17:05:22
236,Nemuro,43.3236,145.575,overcast clouds,43.9,86,98,6.12,JP,2022-05-16 17:05:22
237,Semey,50.4111,80.2275,overcast clouds,69.1,36,98,3.79,KZ,2022-05-16 17:05:23
238,Rawson,-43.3002,-65.1023,few clouds,53.2,58,18,3.92,AR,2022-05-16 17:05:08
239,Urumqi,43.801,87.6005,clear sky,65.4,45,0,2.0,CN,2022-05-16 17:05:24
240,Tucurui,-3.7661,-49.6725,overcast clouds,86.3,70,100,2.02,BR,2022-05-16 17:05:25
241,Pacifica,37.6138,-122.4869,overcast clouds,65.6,84,100,5.14,US,2022-05-16 17:00:41
242,Batagay,67.6333,134.6333,overcast clouds,24.5,95,96,1.22,RU,2022-05-16 17:05:26
243,Bay-Khaak,51.1667,94.5,overcast clouds,57.5,65,100,2.84,RU,2022-05-16 17:05:27
244,Road Town,18.4167,-64.6167,scattered clouds,86.0,66,40,6.17,VG,2022-05-16 17:05:28
245,San Andres,12.5847,-81.7006,moderate rain,75.2,100,100,7.72,CO,2022-05-16 17:05:28
246,Laguna,38.421,-121.4238,clear sky,69.1,59,0,4.12,US,2022-05-16 17:05:29
247,Sorland,67.667,12.6934,overcast clouds,37.3,61,94,7.17,NO,2022-05-16 17:05:30
248,San Policarpo,12.1791,125.5072,overcast clouds,81.1,85,96,4.14,PH,2022-05-16 17:05:30
249,Isiro,2.7739,27.616,moderate rain,67.3,98,89,2.14,CD,2022-05-16 17:05:31
250,Sao Jose De Ribamar,-2.5619,-44.0542,overcast clouds,91.8,67,90,4.59,BR,2022-05-16 17:05:32
251,Noyabrsk,63.1994,75.4507,light rain,54.1,70,63,4.32,RU,2022-05-16 17:05:32
252,Severo-Kurilsk,50.6789,156.125,overcast clouds,35.7,95,87,4.2,RU,2022-05-16 17:05:33
253,Ketchikan,55.3422,-131.6461,light rain,44.8,80,66,4.75,US,2022-05-16 17:05:34
254,Lubao,14.9167,120.55,overcast clouds,80.3,95,100,2.73,PH,2022-05-16 17:05:35
255,Sitka,57.0531,-135.33,light rain,41.6,86,100,1.09,US,2022-05-16 17:02:00
256,Victoria,22.2855,114.1577,overcast clouds,69.3,82,96,4.47,HK,2022-05-16 17:00:58
257,Saint George,37.1041,-113.5841,clear sky,87.6,9,0,0.89,US,2022-05-16 17:02:58
258,San Juan,-31.5375,-68.5364,clear sky,57.9,30,3,1.2,AR,2022-05-16 17:05:07
259,Kaeng Khoi,14.5862,100.9976,light rain,78.9,84,95,0.9,TH,2022-05-16 17:05:37
260,Palana,59.1167,159.9667,overcast clouds,33.5,86,100,2.6,RU,2022-05-16 17:05:37
261,Tabou,4.423,-7.3528,overcast clouds,82.4,78,100,3.43,CI,2022-05-16 17:05:38
262,Jalu,29.0331,21.5482,clear sky,86.2,21,0,3.55,LY,2022-05-16 17:05:39
263,Cherskiy,68.75,161.3,overcast clouds,35.0,89,100,4.26,RU,2022-05-16 17:05:40
264,Nome,64.5011,-165.4064,broken clouds,34.2,75,75,5.66,US,2022-05-16 17:05:40
265,Ambanja,-13.6833,48.45,clear sky,73.7,84,6,1.41,MG,2022-05-16 17:05:41
266,La Serena,-29.9078,-71.2542,scattered clouds,58.5,67,40,3.6,CL,2022-05-16 17:05:42
267,Dunda,-8.1167,34.25,broken clouds,68.1,58,72,3.48,TZ,2022-05-16 17:05:42
268,Halifax,44.6453,-63.5724,light intensity drizzle,54.7,97,100,4.12,CA,2022-05-16 17:05:01
269,Rzhaksa,52.1338,42.0264,scattered clouds,46.1,75,33,4.01,RU,2022-05-16 17:05:44
270,Merauke,-8.4667,140.3333,overcast clouds,78.0,73,98,3.48,ID,2022-05-16 17:05:44
271,Hobyo,5.3505,48.5268,broken clouds,81.4,80,56,11.31,SO,2022-05-16 17:05:45
272,Havelock,34.8791,-76.9013,broken clouds,85.0,78,75,6.17,US,2022-05-16 17:02:57
273,Zyryanka,65.75,150.85,clear sky,34.8,91,7,6.89,RU,2022-05-16 17:06:47
274,Tamandare,-8.7597,-35.1047,scattered clouds,83.2,73,42,3.69,BR,2022-05-16 17:06:47
275,Ilulissat,69.2167,-51.1,clear sky,33.8,44,0,2.57,GL,2022-05-16 17:06:48
276,Kaduna,10.5222,7.4383,few clouds,96.8,11,13,4.69,NG,2022-05-16 17:06:49
277,Aykhal,66.0,111.5,overcast clouds,33.8,98,100,2.08,RU,2022-05-16 17:06:49
278,Katobu,-4.9408,122.5276,overcast clouds,75.8,94,100,1.68,ID,2022-05-16 17:06:50
279,Geraldton,-28.7667,114.6,clear sky,52.2,87,0,4.12,AU,2022-05-16 17:02:37
280,Vilhena,-12.7406,-60.1458,overcast clouds,76.2,64,100,2.55,BR,2022-05-16 17:06:51
281,Indiana,40.0003,-86.2503,clear sky,73.9,47,0,6.17,US,2022-05-16 17:06:52
282,Vanderhoof,54.0166,-124.0198,overcast clouds,48.7,76,86,3.15,CA,2022-05-16 17:06:53
283,Airai,-8.9266,125.4092,clear sky,58.0,83,8,0.78,TL,2022-05-16 17:06:53
284,Kupang,-10.1667,123.5833,few clouds,76.0,85,14,3.01,ID,2022-05-16 17:06:54
285,La Ronge,55.1001,-105.2842,overcast clouds,35.8,87,100,5.14,CA,2022-05-16 17:06:55
286,Tomelloso,39.1522,-3.0243,clear sky,82.5,26,7,4.38,ES,2022-05-16 17:06:55
287,Novoagansk,61.9449,76.6625,overcast clouds,54.0,75,99,3.24,RU,2022-05-16 17:06:56
288,Samarai,-10.6167,150.6667,scattered clouds,79.1,77,27,1.92,PG,2022-05-16 17:06:57
289,Kizema,61.113,44.8302,overcast clouds,48.5,87,100,1.98,RU,2022-05-16 17:06:57
290,Komsomolskiy,40.4272,71.7189,broken clouds,72.3,53,58,1.03,UZ,2022-05-16 17:06:58
291,Nalut,30.3333,10.85,scattered clouds,89.8,10,50,5.1,LY,2022-05-16 17:06:59
292,Bathsheba,13.2167,-59.5167,scattered clouds,86.6,74,40,8.75,BB,2022-05-16 17:06:59
293,Talnakh,69.4865,88.3972,overcast clouds,39.6,89,100,3.58,RU,2022-05-16 17:07:00
294,Mehamn,71.0357,27.8492,broken clouds,37.3,70,75,8.75,NO,2022-05-16 17:03:12
295,Nuuk,64.1835,-51.7216,clear sky,36.2,60,0,4.47,GL,2022-05-16 17:07:01
296,Belmonte,-15.8631,-38.8828,overcast clouds,79.9,76,89,2.23,BR,2022-05-16 17:07:02
297,Dikson,73.5069,80.5464,overcast clouds,33.5,99,100,3.17,RU,2022-05-16 17:07:02
298,Anadyr,64.75,177.4833,clear sky,36.1,69,0,3.0,RU,2022-05-16 17:07:03
299,Faanui,-16.4833,-151.75,light rain,81.0,67,87,4.97,PF,2022-05-16 17:07:04
300,Urusha,54.05,122.9,scattered clouds,29.6,63,40,1.69,RU,2022-05-16 17:07:05
301,Le Port,-20.9373,55.2919,broken clouds,73.4,77,67,2.28,RE,2022-05-16 17:07:05
302,Newcastle,-32.9272,151.7765,clear sky,59.7,76,0,3.6,AU,2022-05-16 17:07:06
303,Kaseda,31.4167,130.3167,overcast clouds,62.8,70,100,4.1,JP,2022-05-16 17:07:07
304,Bayan,46.0833,127.4,scattered clouds,47.3,38,30,2.9,CN,2022-05-16 17:07:07
305,Antsohihy,-14.8796,47.9875,clear sky,76.5,59,4,4.02,MG,2022-05-16 17:07:08
306,Dunn,44.95,-91.8835,clear sky,68.0,34,4,8.75,US,2022-05-16 17:07:09
307,Mount Gambier,-37.8333,140.7667,overcast clouds,51.2,65,100,4.07,AU,2022-05-16 17:03:44
308,Paka,4.6374,103.4368,overcast clouds,77.0,88,100,3.91,MY,2022-05-16 17:07:10
309,Atlantic City,39.3643,-74.4229,broken clouds,78.0,77,75,3.09,US,2022-05-16 17:02:11
310,Hasaki,35.7333,140.8333,light rain,57.6,92,100,7.92,JP,2022-05-16 17:07:11
311,Haines Junction,60.7522,-137.5108,overcast clouds,40.1,69,100,1.73,CA,2022-05-16 17:07:12
312,Luis Correia,-2.8792,-41.6669,scattered clouds,89.6,66,40,4.12,BR,2022-05-16 17:07:13
313,Balykshi,47.0667,51.8667,few clouds,64.4,42,20,4.0,KZ,2022-05-16 17:07:13
314,Muros,42.7762,-9.0603,scattered clouds,70.7,71,45,6.95,ES,2022-05-16 17:07:14
315,Matamoros,25.5333,-103.25,clear sky,87.9,20,0,3.09,MX,2022-05-16 17:06:41
316,Athabasca,54.7169,-113.2854,overcast clouds,55.4,52,100,5.67,CA,2022-05-16 17:03:53
317,Champasak,14.75,106.0,overcast clouds,73.9,99,100,0.55,LA,2022-05-16 17:07:16
318,Namibe,-15.1961,12.1522,clear sky,73.2,66,0,5.73,AO,2022-05-16 17:07:17
319,Biak,-0.9131,122.8766,overcast clouds,76.4,86,100,1.24,ID,2022-05-16 17:08:18
320,Umm Lajj,25.0213,37.2685,broken clouds,81.1,66,53,4.42,SA,2022-05-16 17:08:18
321,Paamiut,61.994,-49.6678,clear sky,34.2,80,9,7.69,GL,2022-05-16 17:08:19
322,Magdagachi,53.45,125.8,scattered clouds,30.9,78,50,3.28,RU,2022-05-16 17:08:20
323,Kataysk,56.289,62.5841,light rain,52.3,89,100,6.34,RU,2022-05-16 17:08:20
324,Nampula,-15.1165,39.2666,broken clouds,71.5,78,75,3.6,MZ,2022-05-16 17:08:21
325,Prince Rupert,54.3161,-130.3201,broken clouds,44.7,76,75,6.17,CA,2022-05-16 17:08:22
326,Sayyan,15.1718,44.3244,clear sky,67.3,10,0,2.95,YE,2022-05-16 17:08:22
327,Bowen,-20.0167,148.2333,clear sky,71.7,86,6,1.86,AU,2022-05-16 17:08:23
328,Uto,32.6833,130.6667,overcast clouds,60.5,75,100,0.48,JP,2022-05-16 17:08:24
329,Ilhabela,-23.7781,-45.3581,broken clouds,70.3,85,59,3.27,BR,2022-05-16 17:08:24
330,Burnie,-41.0667,145.9167,few clouds,46.9,81,15,6.83,AU,2022-05-16 17:08:25
331,Hualmay,-11.0964,-77.6139,broken clouds,70.4,67,72,4.65,PE,2022-05-16 17:08:26
332,Bakel,14.905,-12.4568,few clouds,110.4,4,15,6.24,SN,2022-05-16 17:08:27
333,San Pedro,14.35,121.0167,broken clouds,79.8,86,75,1.03,PH,2022-05-16 17:07:02
334,Sohbatpur,28.5202,68.5434,clear sky,97.4,8,0,0.44,PK,2022-05-16 17:08:28
335,Mana,5.6592,-53.7767,overcast clouds,84.0,75,100,4.39,GF,2022-05-16 17:08:28
336,Nanortalik,60.1432,-45.2371,overcast clouds,37.6,74,100,3.0,GL,2022-05-16 17:08:29
337,Roebourne,-20.7833,117.1333,overcast clouds,73.7,74,99,3.14,AU,2022-05-16 17:08:30
338,Namwala,-15.7504,26.4384,clear sky,63.0,41,0,3.06,ZM,2022-05-16 17:08:30
339,Vestmannaeyjar,63.4427,-20.2734,clear sky,51.0,81,0,14.4,IS,2022-05-16 17:08:31
340,Manzanillo,20.3433,-77.1167,overcast clouds,87.6,54,93,2.39,CU,2022-05-16 17:08:32
341,Palmer,42.1584,-72.3287,broken clouds,83.0,55,75,5.66,US,2022-05-16 17:05:48
342,Beringovskiy,63.05,179.3167,clear sky,35.5,81,1,2.54,RU,2022-05-16 17:08:33
343,Aitape,-3.1374,142.3475,broken clouds,79.8,83,78,0.86,PG,2022-05-16 17:08:34
344,Eyl,7.9803,49.8164,broken clouds,82.8,74,74,11.04,SO,2022-05-16 17:08:34
345,Kurilsk,45.2333,147.8833,clear sky,44.0,68,0,2.96,RU,2022-05-16 17:08:35
346,Shenkursk,62.1091,42.896,overcast clouds,52.7,60,100,3.62,RU,2022-05-16 17:08:36
347,Banjar,-8.19,114.9675,overcast clouds,79.2,89,98,0.92,ID,2022-05-16 17:08:36
348,The Valley,18.217,-63.0578,few clouds,84.1,76,16,8.19,AI,2022-05-16 17:08:37
349,Samana,19.2056,-69.3369,scattered clouds,86.2,74,40,5.14,DO,2022-05-16 17:08:38
350,Muhoroni,-0.1541,35.1988,light rain,64.1,92,41,1.48,KE,2022-05-16 17:08:39
351,Codroipo,45.96,12.9792,moderate rain,76.7,60,95,4.47,IT,2022-05-16 17:08:39
352,Idritsa,56.3316,28.8988,light rain,48.8,66,77,3.22,RU,2022-05-16 17:08:40
353,Maku,39.2911,44.4521,scattered clouds,55.3,76,44,3.16,IR,2022-05-16 17:08:41
354,Sawakin,19.1059,37.3321,clear sky,86.7,55,0,2.85,SD,2022-05-16 17:08:41
355,Auki,-8.7676,160.7034,overcast clouds,78.0,85,89,1.18,SB,2022-05-16 17:08:42
356,Abu Zabad,12.35,29.25,overcast clouds,94.9,21,85,1.95,SD,2022-05-16 17:08:43
357,Khandyga,62.6667,135.6,overcast clouds,33.4,75,99,2.24,RU,2022-05-16 17:08:43
358,Tuatapere,-46.1333,167.6833,overcast clouds,53.5,94,98,0.94,NZ,2022-05-16 17:08:44
359,Ozernovskiy,51.5,156.5167,clear sky,34.9,84,10,2.27,RU,2022-05-16 17:08:45
360,Fairbanks,64.8378,-147.7164,broken clouds,41.1,81,75,2.06,US,2022-05-16 17:06:54
361,Douglas,41.3,-96.167,clear sky,78.9,38,0,5.14,US,2022-05-16 17:08:45
362,Xiaoweizhai,26.1903,107.5125,broken clouds,56.4,85,62,0.87,CN,2022-05-16 17:08:46
363,Antofagasta,-23.65,-70.4,overcast clouds,61.9,66,97,3.25,CL,2022-05-16 17:08:47
364,Cockburn Town,21.4612,-71.1419,scattered clouds,84.2,65,40,7.72,TC,2022-05-16 17:07:23
365,Capim Grosso,-11.3811,-40.0128,overcast clouds,87.2,44,99,2.85,BR,2022-05-16 17:08:48
366,Pangody,65.85,74.4859,broken clouds,52.0,71,73,4.42,RU,2022-05-16 17:09:49
367,Nanpiao,41.0982,120.7479,broken clouds,57.1,39,65,2.18,CN,2022-05-16 17:09:49
368,Tilichiki,60.4667,166.1,overcast clouds,32.4,98,100,1.81,RU,2022-05-16 17:09:50
369,Lethem,3.3803,-59.7968,overcast clouds,89.4,56,100,3.3,GY,2022-05-16 17:09:51
370,Pak Chong,14.708,101.4161,light rain,73.9,94,100,1.88,TH,2022-05-16 17:09:51
371,Mackenzie,55.2999,-123.1698,mist,48.4,87,100,3.6,CA,2022-05-16 17:09:52
372,Metro,-5.1131,105.3067,overcast clouds,76.4,93,100,3.02,ID,2022-05-16 17:09:53
373,Teya,60.3778,92.6267,clear sky,49.3,89,7,1.09,RU,2022-05-16 17:09:53
374,Aldan,58.6031,125.3894,light snow,25.8,98,100,1.16,RU,2022-05-16 17:09:54
375,Salalah,17.0151,54.0924,few clouds,84.3,79,20,3.6,OM,2022-05-16 17:09:55
376,Yeppoon,-23.1333,150.7333,clear sky,69.6,92,3,2.48,AU,2022-05-16 17:09:56
377,Jeremie,18.65,-74.1167,overcast clouds,85.0,63,100,1.36,HT,2022-05-16 17:09:57
378,Santa Isabel Do Rio Negro,-0.4139,-65.0192,overcast clouds,77.1,96,100,2.03,BR,2022-05-16 17:09:58
379,Coihaique,-45.5752,-72.0662,clear sky,43.4,75,0,2.57,CL,2022-05-16 17:09:58
380,Mountain Home,43.133,-115.6912,clear sky,72.9,38,0,8.75,US,2022-05-16 17:09:59
381,Valera,9.3178,-70.6036,broken clouds,90.1,51,74,1.84,VE,2022-05-16 17:10:00
382,Nantucket,41.2835,-70.0995,mist,64.5,94,100,4.63,US,2022-05-16 17:10:01
383,Alvaraes,-3.2208,-64.8042,light rain,80.5,98,100,1.17,BR,2022-05-16 17:10:01
384,Rey Bouba,8.6724,14.1786,overcast clouds,92.5,39,93,2.59,CM,2022-05-16 17:10:02
385,Okhotsk,59.3833,143.3,snow,32.8,98,100,11.19,RU,2022-05-16 17:10:03
386,Tocopilla,-22.092,-70.1979,clear sky,68.6,65,10,3.47,CL,2022-05-16 17:10:04
387,Ostrovnoy,68.0531,39.5131,overcast clouds,36.5,84,100,7.22,RU,2022-05-16 17:10:05
388,Boende,-0.2167,20.8667,overcast clouds,78.4,77,99,2.04,CD,2022-05-16 17:10:05
389,Angoche,-16.2325,39.9086,light rain,74.6,78,59,3.75,MZ,2022-05-16 17:10:06
390,Lata,40.1629,-8.3327,broken clouds,72.9,59,77,4.1,PT,2022-05-16 17:10:07
391,Comodoro Rivadavia,-45.8667,-67.5,clear sky,55.3,44,0,4.63,AR,2022-05-16 17:10:08
392,Kalmunai,7.4167,81.8167,overcast clouds,83.4,72,95,2.82,LK,2022-05-16 17:10:09
393,Casino,-28.8667,153.05,broken clouds,69.6,98,79,0.95,AU,2022-05-16 17:10:10
394,Mago,53.2514,140.1822,overcast clouds,36.2,98,99,1.46,RU,2022-05-16 17:10:10
395,Tessalit,20.1986,1.0114,few clouds,104.0,10,19,4.32,ML,2022-05-16 17:10:11
396,Shumerlya,55.5005,46.4129,overcast clouds,46.2,94,97,1.92,RU,2022-05-16 17:10:12
397,Severobaykalsk,55.65,109.3167,broken clouds,37.3,74,58,1.36,RU,2022-05-16 17:10:12
398,Coahuayana,18.7333,-103.6833,broken clouds,89.8,33,74,2.67,MX,2022-05-16 17:10:13
399,Jaguaribe,-5.8906,-38.6219,overcast clouds,93.1,40,85,3.88,BR,2022-05-16 17:05:56
400,Tarata,-17.6167,-66.0167,clear sky,72.7,31,0,1.39,BO,2022-05-16 17:10:14
401,Dukat,62.55,155.55,overcast clouds,26.7,99,100,2.42,RU,2022-05-16 17:10:15
402,Manggar,-2.8833,108.2667,scattered clouds,81.8,82,48,2.02,ID,2022-05-16 17:10:16
403,Mackay,-21.15,149.2,scattered clouds,68.7,83,50,3.5,AU,2022-05-16 17:10:16
404,Mount Isa,-20.7333,139.5,clear sky,66.0,55,0,4.63,AU,2022-05-16 17:10:17
405,Kaka,37.3482,59.6143,clear sky,82.5,18,0,2.96,TM,2022-05-16 17:10:18
406,Maragogi,-9.0122,-35.2225,broken clouds,82.4,78,60,3.77,BR,2022-05-16 17:10:18
407,Flinders,-34.5833,150.8552,clear sky,59.1,74,9,1.79,AU,2022-05-16 17:10:19
408,Almeirim,-1.5233,-52.5817,overcast clouds,86.9,65,98,2.65,BR,2022-05-16 17:10:20
409,Yulara,-25.2406,130.9889,broken clouds,58.7,43,81,5.39,AU,2022-05-16 17:10:21
410,Karla,59.3723,24.9275,few clouds,50.1,66,20,6.69,EE,2022-05-16 17:10:21
411,Bogorodskoye,56.55,37.8833,overcast clouds,44.9,81,86,5.42,RU,2022-05-16 17:10:22
412,Fowa,8.9167,6.4,scattered clouds,99.5,29,45,1.2,NG,2022-05-16 17:11:23
413,Irbil,36.1926,44.0106,scattered clouds,73.2,35,40,1.03,IQ,2022-05-16 17:11:24
414,Islamabad,33.7104,73.1338,scattered clouds,91.8,25,29,4.61,PK,2022-05-16 17:11:24
415,Abbeville,50.1,1.8333,few clouds,71.5,78,23,3.13,FR,2022-05-16 17:10:59
416,Ulladulla,-35.35,150.4667,scattered clouds,56.9,65,27,4.54,AU,2022-05-16 17:11:25
417,Tura,25.5198,90.2201,overcast clouds,72.3,98,95,2.35,IN,2022-05-16 17:11:26
418,Goianinha,-6.2647,-35.2125,broken clouds,84.5,72,67,5.24,BR,2022-05-16 17:11:28
419,Mullovka,54.2,49.4,overcast clouds,53.4,80,96,2.5,RU,2022-05-16 17:11:29
420,Whitehorse,60.7161,-135.0538,overcast clouds,40.0,81,100,2.24,CA,2022-05-16 17:09:11
421,Kitui,-1.367,38.0106,overcast clouds,68.3,67,97,3.01,KE,2022-05-16 17:11:30
422,Formosa Do Rio Preto,-11.0483,-45.1931,overcast clouds,94.6,31,99,1.35,BR,2022-05-16 17:11:31
423,Palora,-1.7,-77.9333,light rain,71.7,96,100,0.58,EC,2022-05-16 17:11:32
424,High Rock,26.6208,-78.2833,moderate rain,77.0,75,95,7.74,BS,2022-05-16 17:11:33
425,Abu Kamal,34.4506,40.9171,broken clouds,81.5,26,78,4.54,SY,2022-05-16 17:11:33
426,Coquimbo,-29.9533,-71.3436,scattered clouds,58.7,67,40,3.6,CL,2022-05-16 17:10:48
427,Vilyuysk,63.7553,121.6247,overcast clouds,30.8,73,97,1.16,RU,2022-05-16 17:11:34
428,Huarmey,-10.0681,-78.1522,overcast clouds,71.4,69,88,4.26,PE,2022-05-16 17:11:35
429,Nanfeng,23.7434,111.7959,few clouds,60.4,97,21,0.7,CN,2022-05-16 17:11:36
430,Pimenta Bueno,-11.6725,-61.1936,overcast clouds,81.9,66,100,3.21,BR,2022-05-16 17:11:36
431,Annau,37.8876,58.516,clear sky,83.3,25,0,3.81,TM,2022-05-16 17:11:37
432,Banda Aceh,5.5577,95.3222,overcast clouds,81.6,79,99,3.5,ID,2022-05-16 17:11:38
433,Kljajicevo,45.7704,19.2777,scattered clouds,76.9,49,38,2.09,RS,2022-05-16 17:11:38
434,Sayan,-11.1361,-77.1933,broken clouds,82.1,30,63,3.97,PE,2022-05-16 17:11:39
435,Alofi,-19.0595,-169.9187,broken clouds,73.3,83,75,4.12,NU,2022-05-16 17:11:40
436,Honningsvag,70.9821,25.9704,broken clouds,37.1,75,75,5.66,NO,2022-05-16 17:11:41
437,Majene,-3.5403,118.9707,overcast clouds,77.4,86,95,2.4,ID,2022-05-16 17:11:41
438,Ayan,56.45,138.1667,overcast clouds,31.9,97,99,3.43,RU,2022-05-16 17:11:42
439,Rodeo,38.033,-122.2669,few clouds,70.2,70,20,5.66,US,2022-05-16 17:11:43
440,Rundu,-17.9333,19.7667,clear sky,65.8,29,5,2.71,NA,2022-05-16 17:11:44
441,Huinan,42.6225,126.2614,clear sky,44.5,49,1,2.39,CN,2022-05-16 17:11:44
442,Cayenne,4.9333,-52.3333,mist,80.1,1,75,1.54,GF,2022-05-16 17:11:45
443,Dongsheng,39.8161,109.9776,scattered clouds,57.4,13,47,6.56,CN,2022-05-16 17:11:46
444,Lyubech,51.7026,30.6569,broken clouds,51.0,63,63,3.17,UA,2022-05-16 17:10:17
445,Galesong,-5.3166,119.3661,overcast clouds,75.2,82,98,2.37,ID,2022-05-16 17:11:47
446,Bengkulu,-3.8004,102.2655,overcast clouds,78.3,89,100,1.82,ID,2022-05-16 17:11:48
447,Tateyama,34.9833,139.8667,overcast clouds,60.1,90,100,6.67,JP,2022-05-16 17:11:49
448,Brae,60.3964,-1.353,few clouds,49.1,74,17,8.76,GB,2022-05-16 17:11:49
449,Baiyin,36.5583,104.2081,scattered clouds,57.4,14,46,3.76,CN,2022-05-16 17:11:50
450,Saint-Georges,12.0564,-61.7485,scattered clouds,83.9,79,40,13.38,GD,2022-05-16 17:11:51
451,Beloha,-25.1667,45.05,scattered clouds,69.0,79,31,7.07,MG,2022-05-16 17:11:51
452,Suzhou,31.3114,120.6181,broken clouds,63.4,56,65,3.32,CN,2022-05-16 17:11:52
453,Rincon,32.296,-81.2354,few clouds,88.9,45,20,2.57,US,2022-05-16 17:09:36
454,Ushtobe,45.2514,77.9838,scattered clouds,66.6,43,31,3.57,KZ,2022-05-16 17:11:53
455,Tautira,-17.7333,-149.15,light rain,80.1,76,27,7.61,PF,2022-05-16 17:11:54
456,Nokaneng,-19.6667,22.2667,scattered clouds,70.5,34,30,3.59,BW,2022-05-16 17:11:55
457,Agirish,61.9247,63.0231,scattered clouds,50.0,66,47,1.33,RU,2022-05-16 17:12:55
458,Kruisfontein,-34.0033,24.7314,clear sky,71.9,31,0,2.44,ZA,2022-05-16 17:12:56
459,Ballina,-28.8667,153.5667,broken clouds,69.8,92,80,3.52,AU,2022-05-16 17:12:57
460,Havoysund,70.9963,24.6622,overcast clouds,37.6,66,100,9.18,NO,2022-05-16 17:12:57
461,Tairua,-37.0167,175.85,broken clouds,63.0,94,65,2.13,NZ,2022-05-16 17:12:58
462,Muravlenko,63.7898,74.523,overcast clouds,55.1,63,95,3.25,RU,2022-05-16 17:12:59
463,Sibolga,1.7427,98.7792,overcast clouds,78.0,84,100,1.48,ID,2022-05-16 17:12:59
464,Umm Bab,25.2142,50.8072,clear sky,88.0,29,0,3.35,QA,2022-05-16 17:13:00
465,Voh,-20.9667,164.7,few clouds,69.9,90,16,2.41,NC,2022-05-16 17:13:01
466,Bellavista,-7.0561,-76.5911,broken clouds,83.7,79,75,1.54,PE,2022-05-16 17:13:01
467,Moose Factory,51.2585,-80.6094,overcast clouds,57.4,51,98,3.99,CA,2022-05-16 17:13:02
468,Junin,-34.5838,-60.9433,overcast clouds,58.2,49,87,7.77,AR,2022-05-16 17:10:14
469,Formosa,-26.1775,-58.1781,clear sky,62.6,39,0,5.66,AR,2022-05-16 17:11:07
470,Westport,41.1415,-73.3579,clear sky,80.4,84,0,2.57,US,2022-05-16 17:10:49
471,Praya,14.9215,-23.5087,clear sky,88.3,35,0,12.35,CV,2022-05-16 17:13:04
472,Kulhudhuffushi,6.6221,73.07,overcast clouds,80.9,86,100,11.87,MV,2022-05-16 17:13:05
473,Shimoda,34.6667,138.95,light rain,60.3,91,100,2.44,JP,2022-05-16 17:13:05
474,Aksu,41.1231,80.2644,broken clouds,69.0,37,55,7.57,CN,2022-05-16 17:13:06
475,Novovarshavka,54.1721,74.6946,broken clouds,65.4,52,56,7.31,RU,2022-05-16 17:13:07
476,Riberalta,-10.9833,-66.1,broken clouds,75.4,83,75,7.2,BO,2022-05-16 17:13:07
477,Deputatskiy,69.3,139.9,light snow,17.4,97,100,0.77,RU,2022-05-16 17:13:08
478,Buj,58.4786,41.53,overcast clouds,47.2,98,100,1.46,RU,2022-05-16 17:13:09
479,Maine-Soroa,13.2114,12.0241,few clouds,97.4,12,12,5.45,NE,2022-05-16 17:13:09
480,Ruwi,23.5996,58.5507,clear sky,89.3,32,0,2.18,OM,2022-05-16 17:13:10
481,Ternate,0.8,127.4,broken clouds,81.0,80,84,1.53,ID,2022-05-16 17:13:11
482,Fayaoue,-20.65,166.5333,broken clouds,76.7,80,66,7.76,NC,2022-05-16 17:13:11
483,Zharkent,44.1628,80.0,broken clouds,71.2,41,61,0.4,KZ,2022-05-16 17:13:12
484,Slavutych,51.5196,30.7343,broken clouds,52.7,57,59,2.97,UA,2022-05-16 17:13:13
485,Fuyu,45.1833,124.8167,scattered clouds,55.6,31,28,4.7,CN,2022-05-16 17:13:13
486,Birao,10.2849,22.7882,broken clouds,94.7,29,65,1.51,CF,2022-05-16 17:13:14
487,Boysun,38.2061,67.1986,few clouds,67.8,44,24,1.28,UZ,2022-05-16 17:13:15
488,Ust-Nera,64.5667,143.2,overcast clouds,27.1,95,87,2.21,RU,2022-05-16 17:13:15
489,Fallon,39.4735,-118.7774,scattered clouds,75.9,24,40,0.0,US,2022-05-16 17:13:16
490,Ordzhonikidze,52.4411,61.7408,few clouds,55.6,66,21,6.5,KZ,2022-05-16 17:13:17
491,Pavlodar,52.3,76.95,clear sky,62.4,59,0,5.0,KZ,2022-05-16 17:13:18
492,Kashi,39.4547,75.9797,overcast clouds,72.5,29,91,1.92,CN,2022-05-16 17:13:19
493,Xiaoshan,30.1675,120.2588,clear sky,62.5,63,0,0.0,CN,2022-05-16 17:13:19
494,Itarema,-2.9248,-39.9167,broken clouds,84.4,71,56,6.46,BR,2022-05-16 17:13:20
495,Maniitsoq,65.4167,-52.9,clear sky,32.8,68,0,4.53,GL,2022-05-16 17:13:21
496,Porbandar,21.6422,69.6093,clear sky,83.7,72,4,6.82,IN,2022-05-16 17:13:21
497,Porto Novo,6.4965,2.6036,overcast clouds,85.0,71,100,4.51,BJ,2022-05-16 17:13:22
498,Quatre Cocos,-20.2078,57.7625,broken clouds,75.1,69,80,6.81,MU,2022-05-16 17:13:23
499,Nigde,37.8333,34.75,scattered clouds,56.3,59,39,2.44,TR,2022-05-16 17:10:32
500,Vallenar,-28.5708,-70.7581,clear sky,75.4,23,0,2.02,CL,2022-05-16 17:13:24
501,Krapivinskiy,54.9992,86.8133,broken clouds,58.6,55,71,1.63,RU,2022-05-16 17:13:24
502,Leh,34.1667,77.5833,broken clouds,49.7,36,63,2.38,IN,2022-05-16 17:13:25
503,Bethal,-26.4579,29.4655,scattered clouds,51.5,74,45,2.39,ZA,2022-05-16 17:13:26
504,Kutum,14.2,24.6667,scattered clouds,87.7,17,35,4.57,SD,2022-05-16 17:14:26
505,Monte Azul Paulista,-20.9072,-48.6414,broken clouds,72.0,59,79,5.18,BR,2022-05-16 17:14:27
506,Kailua,21.4022,-157.7394,overcast clouds,76.1,86,100,2.57,US,2022-05-16 17:11:09
507,Saint-Augustin,51.226,-58.6502,overcast clouds,42.3,57,100,4.37,CA,2022-05-16 17:14:28
508,Roma,43.2128,-75.4557,broken clouds,76.5,67,75,2.57,US,2022-05-16 17:14:29
509,Buraydah,26.326,43.975,clear sky,95.8,10,0,4.95,SA,2022-05-16 17:14:30
510,Safaga,26.7292,33.9365,overcast clouds,85.9,24,93,9.29,EG,2022-05-16 17:14:30
511,Tucuman,-26.8241,-65.2226,broken clouds,57.2,67,75,2.06,AR,2022-05-16 17:14:31
512,Sivas,39.7916,37.0019,few clouds,50.6,66,20,3.09,TR,2022-05-16 17:14:32
513,Emmauss,56.7805,36.115,light rain,43.9,89,99,4.82,RU,2022-05-16 17:14:32
514,Sao Filipe,14.8961,-24.4956,broken clouds,79.2,61,53,3.3,CV,2022-05-16 17:14:33
515,Pierre,44.3683,-100.351,clear sky,75.1,35,0,4.47,US,2022-05-16 17:14:34
516,Bako,5.7833,36.5667,scattered clouds,66.2,71,31,2.43,ET,2022-05-16 17:11:29
517,Marabba,12.35,32.1833,few clouds,98.7,25,13,2.81,SD,2022-05-16 17:14:35
518,Barcelos,41.5388,-8.6151,scattered clouds,69.9,71,37,5.59,PT,2022-05-16 17:14:36
519,Leningradskiy,69.3833,178.4167,broken clouds,16.1,94,74,3.45,RU,2022-05-16 17:14:36
520,Camocim,-2.9022,-40.8411,scattered clouds,86.1,66,40,4.93,BR,2022-05-16 17:14:37
521,Birjand,32.8663,59.2211,clear sky,76.2,10,0,1.82,IR,2022-05-16 17:14:38
522,Orsha,54.5153,30.4053,scattered clouds,48.8,61,49,6.1,BY,2022-05-16 17:14:39
523,Shubarkuduk,49.1447,56.4872,broken clouds,56.5,67,55,2.49,KZ,2022-05-16 17:14:39
524,Maldonado,-34.6667,-54.9167,overcast clouds,57.2,85,97,9.92,UY,2022-05-16 17:10:27
525,Campo Grande,-20.4428,-54.6464,scattered clouds,65.7,59,40,5.14,BR,2022-05-16 17:14:40
526,Williston,48.147,-103.618,broken clouds,66.9,50,63,1.34,US,2022-05-16 17:14:41
527,Esperance,-33.8667,121.9,clear sky,55.8,72,0,6.35,AU,2022-05-16 17:14:42
528,Canutama,-6.5339,-64.3831,light rain,76.8,96,100,2.32,BR,2022-05-16 17:14:42
529,Tommot,58.9564,126.2925,light snow,26.7,99,96,1.25,RU,2022-05-16 17:14:43
530,Innisfail,-17.5333,146.0333,clear sky,69.5,81,0,1.69,AU,2022-05-16 17:10:51
531,Mayo,38.8876,-76.5119,scattered clouds,75.2,89,40,3.6,US,2022-05-16 17:14:44
532,Kurumkan,54.3,110.3,scattered clouds,50.1,51,32,2.17,RU,2022-05-16 17:14:45
533,Soyo,-6.1349,12.3689,overcast clouds,79.6,84,98,3.5,AO,2022-05-16 17:14:46
534,Naron,43.5167,-8.1528,scattered clouds,72.4,57,34,5.28,ES,2022-05-16 17:14:46
535,Iguguno,-4.5697,34.6275,overcast clouds,72.0,53,88,3.97,TZ,2022-05-16 17:14:47
536,Dandong,40.1292,124.3947,clear sky,49.5,87,1,1.41,CN,2022-05-16 17:14:48
537,Garissa,-0.4536,39.6401,broken clouds,81.4,55,51,8.66,KE,2022-05-16 17:14:49
538,Akyab,20.15,92.9,broken clouds,85.0,79,71,2.75,MM,2022-05-16 17:14:49
539,Muriae,-21.1306,-42.3664,broken clouds,82.4,56,77,3.62,BR,2022-05-16 17:14:50
540,Pisco,-13.7,-76.2167,few clouds,70.0,68,12,3.09,PE,2022-05-16 17:14:51
541,Diamantino,-14.4086,-56.4461,overcast clouds,69.7,85,100,4.55,BR,2022-05-16 17:10:17
542,Ritchie,-29.038,24.6028,clear sky,67.0,35,0,4.45,ZA,2022-05-16 17:14:52
543,Ambilobe,-13.2,49.05,clear sky,72.6,84,2,0.97,MG,2022-05-16 17:14:52
544,Pacific Grove,36.6177,-121.9166,overcast clouds,63.4,85,100,4.63,US,2022-05-16 17:14:35
545,Kuminskiy,58.6667,66.5667,overcast clouds,51.8,88,87,2.07,RU,2022-05-16 17:14:53
546,Viedma,-40.8135,-62.9967,broken clouds,54.0,59,53,6.26,AR,2022-05-16 17:14:54
547,Hinton,53.4001,-117.5857,broken clouds,56.3,48,79,2.51,CA,2022-05-16 17:14:55
548,Praia Da Vitoria,38.7333,-27.0667,light intensity shower rain,62.9,77,40,9.5,PT,2022-05-16 17:15:56
549,Gat,31.61,34.7642,overcast clouds,71.4,100,100,1.52,IL,2022-05-16 17:15:56
550,Narsaq,60.9167,-46.05,overcast clouds,52.0,55,99,1.85,GL,2022-05-16 17:15:57
551,Chicama,-7.8447,-79.1469,broken clouds,64.9,60,58,4.03,PE,2022-05-16 17:15:58
552,Kautokeino,69.0125,23.0412,overcast clouds,31.2,77,100,9.21,NO,2022-05-16 17:15:59
553,Tasiilaq,65.6145,-37.6368,overcast clouds,37.6,98,100,4.42,GL,2022-05-16 17:15:59
554,Mocuba,-16.8392,36.9856,light rain,66.3,97,49,1.55,MZ,2022-05-16 17:16:00
555,Kabanjahe,3.1001,98.4908,overcast clouds,63.0,84,99,0.7,ID,2022-05-16 17:16:00
556,Sinnamary,5.3833,-52.95,overcast clouds,83.3,78,98,4.72,GF,2022-05-16 17:16:01
557,Mareeba,-17.0,145.4333,clear sky,65.4,93,1,0.64,AU,2022-05-16 17:16:02
558,Ontario,34.0633,-117.6509,clear sky,86.4,58,0,3.6,US,2022-05-16 17:15:11
559,Presidencia Roque Saenz Pena,-26.7852,-60.4388,clear sky,63.0,29,0,5.49,AR,2022-05-16 17:16:03
560,Norsup,-16.0667,167.3833,broken clouds,76.9,80,69,4.01,VU,2022-05-16 17:16:04
561,Ampanihy,-24.7,44.75,clear sky,68.8,75,6,6.91,MG,2022-05-16 17:16:04
562,Surazh,53.0175,32.3918,scattered clouds,48.3,63,39,5.45,RU,2022-05-16 17:16:05
563,Korla,41.7597,86.1469,overcast clouds,74.1,30,100,4.23,CN,2022-05-16 17:16:06
564,Murmansk,68.0,34.0,overcast clouds,35.9,79,100,3.64,RU,2022-05-16 17:16:07
565,Ridgecrest,35.6225,-117.6709,few clouds,87.7,14,20,1.54,US,2022-05-16 17:16:07
566,Karasjok,69.4719,25.5112,light snow,33.7,90,100,6.69,NO,2022-05-16 17:16:08
567,Kaohsiung,22.6163,120.3133,mist,67.9,94,75,3.09,TW,2022-05-16 17:16:09
568,Lucapa,-8.4192,20.7447,few clouds,75.6,43,17,0.96,AO,2022-05-16 17:16:10
569,Jutai,-5.1833,-68.9,overcast clouds,76.4,94,99,0.42,BR,2022-05-16 17:16:10
570,Tomatlan,19.9333,-105.25,overcast clouds,89.3,32,98,3.12,MX,2022-05-16 17:16:11
571,Copiapo,-27.3667,-70.3333,few clouds,60.5,29,13,2.99,CL,2022-05-16 17:16:12
572,Goderich,43.7501,-81.7165,overcast clouds,53.9,87,99,3.6,CA,2022-05-16 17:16:13
573,Baker City,44.7749,-117.8344,clear sky,58.6,71,0,5.14,US,2022-05-16 17:13:04
574,Manakara,-22.1333,48.0167,moderate rain,70.1,88,73,3.32,MG,2022-05-16 17:16:14
575,Guarapari,-20.6667,-40.4975,overcast clouds,74.7,82,86,1.51,BR,2022-05-16 17:16:15
576,Conde,-7.2597,-34.9075,scattered clouds,83.7,79,40,6.69,BR,2022-05-16 17:16:16
577,Bonthe,7.5264,-12.505,light rain,84.4,72,100,3.38,SL,2022-05-16 17:16:16
578,Vermilion,40.1667,-87.7506,scattered clouds,78.6,45,40,6.17,US,2022-05-16 17:16:17
579,Olafsvik,64.8945,-23.7142,overcast clouds,51.2,71,87,3.62,IS,2022-05-16 17:16:18
580,Manono,-7.3,27.4167,broken clouds,77.1,59,56,2.62,CD,2022-05-16 17:16:18
581,Acajutla,13.5928,-89.8275,overcast clouds,89.9,52,94,3.82,SV,2022-05-16 17:16:19
582,Letka,59.6011,49.4232,scattered clouds,48.0,81,37,1.12,RU,2022-05-16 17:16:20
583,Nuevo Progreso,23.1667,-97.95,clear sky,90.5,42,1,6.2,MX,2022-05-16 17:16:20
584,Ngunguru,-35.6167,174.5,broken clouds,62.1,91,51,3.38,NZ,2022-05-16 17:16:21
585,Yazman,29.1212,71.7446,clear sky,96.1,13,0,4.01,PK,2022-05-16 17:16:22
586,Marienburg,54.0359,19.0266,overcast clouds,57.6,74,98,4.61,PL,2022-05-16 17:16:23
587,Quesnel,52.9999,-122.5029,scattered clouds,59.5,51,40,10.29,CA,2022-05-16 17:16:23
588,Sandpoint,48.2766,-116.5533,scattered clouds,61.9,69,40,4.63,US,2022-05-16 17:13:09
589,Moroni,-11.7022,43.2551,broken clouds,78.0,78,62,6.09,KM,2022-05-16 17:16:24
590,Loralai,30.3705,68.598,few clouds,79.8,15,17,2.59,PK,2022-05-16 17:16:25
591,Ambon,-3.6954,128.1814,scattered clouds,75.3,94,40,1.54,ID,2022-05-16 17:16:26
592,Umm Kaddadah,13.6017,26.6876,few clouds,92.0,14,11,4.52,SD,2022-05-16 17:17:26
593,Morondava,-20.2833,44.2833,clear sky,77.6,66,5,6.23,MG,2022-05-16 17:17:27
594,Pochutla,15.7432,-96.4661,clear sky,94.8,42,4,3.81,MX,2022-05-16 17:17:28
595,Wanning,18.8003,110.3967,overcast clouds,72.0,91,99,6.13,CN,2022-05-16 17:17:29
596,Filingue,14.3521,3.3168,few clouds,106.0,7,21,3.76,NE,2022-05-16 17:17:29
597,Kitsuki,33.4167,131.6167,overcast clouds,58.4,67,100,1.7,JP,2022-05-16 17:17:30
598,Waconia,44.8508,-93.7869,clear sky,69.4,41,1,4.02,US,2022-05-16 17:17:31
599,Batemans Bay,-35.7167,150.1833,clear sky,58.1,67,3,3.34,AU,2022-05-16 17:17:31
600,Longview,32.5007,-94.7405,clear sky,86.3,60,0,3.09,US,2022-05-16 17:16:50
601,Ko Samui,9.5357,99.9357,overcast clouds,83.8,75,98,7.25,TH,2022-05-16 17:17:33
602,Korgen,66.0771,13.8153,overcast clouds,43.2,67,91,2.62,NO,2022-05-16 17:17:33
603,Husavik,66.0449,-17.3389,broken clouds,57.2,55,78,5.91,IS,2022-05-16 17:17:34
604,Sibu,2.3,111.8167,scattered clouds,77.3,100,40,1.03,MY,2022-05-16 17:17:35
605,Balkhash,46.844,74.9804,scattered clouds,68.4,37,39,2.22,KZ,2022-05-16 17:17:35
606,Voyvozh,62.892,54.9635,overcast clouds,41.3,88,96,3.49,RU,2022-05-16 17:17:36
607,Jeremoabo,-10.075,-38.4808,broken clouds,90.9,40,84,3.45,BR,2022-05-16 17:17:37
608,Malartic,48.1335,-78.1328,overcast clouds,64.0,49,100,0.42,CA,2022-05-16 17:17:37
609,Gillette,44.2911,-105.5022,clear sky,70.9,45,0,3.6,US,2022-05-16 17:16:37
610,Taltal,-25.4,-70.4833,overcast clouds,64.7,69,100,3.23,CL,2022-05-16 17:17:38
611,Saint-Denis,48.9167,2.3333,clear sky,77.6,41,0,2.06,FR,2022-05-16 17:17:39
612,Uwajima,33.2238,132.56,light rain,58.6,72,100,1.5,JP,2022-05-16 17:17:40
613,Sao Felix Do Xingu,-6.6447,-51.995,overcast clouds,86.1,64,100,1.32,BR,2022-05-16 17:17:40
614,Isangel,-19.55,169.2667,broken clouds,75.7,80,81,7.16,VU,2022-05-16 17:17:41
615,Kyzyl-Suu,42.3414,78.0056,broken clouds,51.8,59,75,3.18,KG,2022-05-16 17:17:42
616,Izvoarele Sucevei,47.75,25.1833,broken clouds,53.0,84,78,1.46,RO,2022-05-16 17:17:43
617,Havre-Saint-Pierre,50.2334,-63.5986,overcast clouds,39.6,100,100,8.23,CA,2022-05-16 17:17:43
618,Savannakhet,16.566,104.751,overcast clouds,69.3,86,100,3.36,LA,2022-05-16 17:17:44
619,Uddiawan,16.5589,121.1512,overcast clouds,73.8,98,100,0.07,PH,2022-05-16 17:17:45
620,Caceres,39.522,-6.3748,few clouds,80.6,33,16,5.37,ES,2022-05-16 17:17:45
621,Naze,28.3667,129.4833,light rain,59.9,89,100,4.6,JP,2022-05-16 17:17:46
622,Kaputa,-8.4689,29.6619,few clouds,72.9,69,17,0.68,ZM,2022-05-16 17:17:47
623,Cabo Rojo,18.0866,-67.1457,broken clouds,89.3,63,56,3.13,PR,2022-05-16 17:17:47
624,Lakes Entrance,-37.8811,147.981,clear sky,44.2,81,6,4.68,AU,2022-05-16 17:17:48
625,Hirado,33.3597,129.5531,overcast clouds,55.4,54,100,3.18,JP,2022-05-16 17:17:49
626,Beauvais,49.4167,2.0,clear sky,77.2,43,0,3.09,FR,2022-05-16 17:17:50
627,Funadhoo,6.15,73.2667,overcast clouds,82.3,83,100,12.28,MV,2022-05-16 17:17:51
628,Esmeraldas,-19.7625,-44.3139,broken clouds,80.7,49,69,4.15,BR,2022-05-16 17:17:51
629,Tocache,-8.1842,-76.5125,overcast clouds,72.0,99,98,0.07,PE,2022-05-16 17:17:52
630,Murakami,38.2333,139.4833,overcast clouds,53.3,85,99,1.68,JP,2022-05-16 17:17:53
631,Naruja,41.9069,41.9542,scattered clouds,55.7,84,29,1.23,GE,2022-05-16 17:17:54
632,Vanavara,60.34,102.2797,overcast clouds,57.2,52,100,1.15,RU,2022-05-16 17:17:54
633,Barda,40.3744,47.1267,overcast clouds,61.9,61,100,6.58,AZ,2022-05-16 17:17:55
634,Tucano,-10.9631,-38.7867,overcast clouds,88.6,48,100,2.35,BR,2022-05-16 17:17:56
635,Saveh,35.0213,50.3566,clear sky,82.5,8,2,8.27,IR,2022-05-16 17:17:56
636,Port Hueneme,34.1478,-119.1951,haze,75.4,76,100,2.57,US,2022-05-16 17:16:38
637,Mehran,33.1222,46.1646,clear sky,83.3,20,0,6.05,IR,2022-05-16 17:17:57
638,Margate,51.3813,1.3862,few clouds,68.1,78,13,7.43,GB,2022-05-16 17:17:58
639,Rio Esteban,15.8333,-86.3,broken clouds,87.9,58,69,2.49,HN,2022-05-16 17:17:59
640,Mbanza-Ngungu,-5.25,14.8667,overcast clouds,75.7,75,96,0.82,CD,2022-05-16 17:18:59
641,Oktyabrskoye,43.0645,44.7417,broken clouds,57.3,67,75,2.0,RU,2022-05-16 17:19:00
642,Hyderabad,17.3753,78.4744,scattered clouds,89.1,51,40,3.09,IN,2022-05-16 17:14:05
643,Hami,42.8,93.45,overcast clouds,74.8,20,100,6.09,CN,2022-05-16 17:19:01
644,Amravati,20.9333,77.75,clear sky,97.8,17,2,2.34,IN,2022-05-16 17:19:02
645,Arlit,18.7369,7.3853,clear sky,100.3,6,4,5.44,NE,2022-05-16 17:16:01
646,Balabac,7.9868,117.0645,overcast clouds,81.6,78,100,1.59,PH,2022-05-16 17:19:03
647,Areosa,41.7178,-8.8571,few clouds,65.0,79,19,6.88,PT,2022-05-16 17:19:04
648,Grand-Santi,4.25,-54.3833,moderate rain,81.8,89,100,2.02,GF,2022-05-16 17:19:05
649,Posse,-14.0931,-46.3694,few clouds,90.7,29,23,1.53,BR,2022-05-16 17:19:05
650,Yar-Sale,66.8333,70.8333,broken clouds,36.5,99,81,1.13,RU,2022-05-16 17:19:06
651,Necochea,-38.5473,-58.7368,overcast clouds,51.5,69,85,10.37,AR,2022-05-16 17:16:05
652,Emilio Carranza,19.9711,-96.6114,clear sky,85.8,58,2,4.81,MX,2022-05-16 17:19:07
653,Plettenberg Bay,-34.0527,23.3716,clear sky,68.5,42,0,1.97,ZA,2022-05-16 17:19:08
654,Araouane,18.9048,-3.5265,clear sky,105.1,6,1,1.29,ML,2022-05-16 17:19:09
655,Sol-Iletsk,51.1631,54.9918,overcast clouds,53.4,74,87,3.38,RU,2022-05-16 17:19:09
656,Yaan,7.3833,8.5667,broken clouds,92.1,43,64,2.64,NG,2022-05-16 17:19:10
657,Oktyabrskiy,54.4815,53.471,broken clouds,48.3,89,67,2.71,RU,2022-05-16 17:19:11
658,Qasigiannguit,68.8193,-51.1922,clear sky,34.1,75,6,1.2,GL,2022-05-16 17:19:11
659,San Ramon,37.7799,-121.978,few clouds,66.6,72,20,5.14,US,2022-05-16 17:17:56
660,Kangaatsiaq,68.3065,-53.4641,few clouds,28.0,75,13,3.46,GL,2022-05-16 17:19:12
661,Uruzgan,32.8333,66.0,clear sky,75.0,16,0,1.73,AF,2022-05-16 17:19:13
662,Mykolayivka,47.5414,30.7561,broken clouds,58.9,64,68,2.8,UA,2022-05-16 17:19:14
663,Basco,20.4487,121.9702,heavy intensity rain,79.8,82,99,9.99,PH,2022-05-16 17:19:14
664,Xingyi,24.1877,102.817,overcast clouds,52.5,95,100,1.18,CN,2022-05-16 17:19:15
665,Pont-Rouge,46.7566,-71.6978,overcast clouds,68.4,84,100,2.27,CA,2022-05-16 17:15:16
666,Euclides Da Cunha,-10.5075,-39.0158,overcast clouds,85.7,49,100,3.18,BR,2022-05-16 17:19:16
667,Campo Verde,-20.4167,-54.0667,broken clouds,70.3,46,60,4.78,BR,2022-05-16 17:19:17
668,Pathein,16.7833,94.7333,overcast clouds,81.7,84,100,3.11,MM,2022-05-16 17:19:18
669,Arawa,-6.2132,155.5367,few clouds,75.9,91,18,0.93,PG,2022-05-16 17:19:18
670,Ancud,-41.8697,-73.8203,scattered clouds,53.8,56,44,3.59,CL,2022-05-16 17:19:19
671,Yarmouth,41.7057,-70.2286,haze,76.6,83,75,4.47,US,2022-05-16 17:19:20
672,Dinguiraye,11.3,-10.7167,broken clouds,100.3,19,60,2.71,GN,2022-05-16 17:18:10
673,Goba,7.0167,39.9833,few clouds,50.2,90,23,3.08,ET,2022-05-16 17:19:21
674,La Malbaie,47.6575,-70.1559,overcast clouds,57.7,84,100,2.98,CA,2022-05-16 17:19:03
675,Waddan,29.1614,16.139,scattered clouds,88.8,10,38,1.93,LY,2022-05-16 17:19:22
676,Sobolevo,54.4299,31.8996,scattered clouds,47.2,71,47,3.34,RU,2022-05-16 17:19:23
677,Te Horo,-40.8084,175.1233,overcast clouds,62.8,93,98,1.79,NZ,2022-05-16 17:19:23
678,Nichinan,31.6,131.3667,light rain,59.6,86,100,1.79,JP,2022-05-16 17:19:24
679,Itoman,26.1247,127.6694,light rain,64.8,94,100,4.63,JP,2022-05-16 17:19:25
680,Jipijapa,-1.3333,-80.5833,overcast clouds,76.5,67,96,1.23,EC,2022-05-16 17:19:25
681,Bud,39.447,-86.1758,clear sky,75.1,51,1,4.67,US,2022-05-16 17:19:26
682,Ambulu,-8.345,113.6058,scattered clouds,76.3,88,33,1.35,ID,2022-05-16 17:19:27
683,Bellary,15.15,76.9333,light rain,92.4,40,41,3.32,IN,2022-05-16 17:19:27
684,Mandalgovi,45.7625,106.2708,clear sky,56.8,19,4,4.1,MN,2022-05-16 17:19:28
685,Winnemucca,40.973,-117.7357,clear sky,71.7,30,0,4.63,US,2022-05-16 17:19:29
686,Wajir,1.7471,40.0573,overcast clouds,81.9,59,100,6.92,KE,2022-05-16 17:20:30
687,Benguela,-12.5763,13.4055,scattered clouds,78.8,71,31,2.62,AO,2022-05-16 17:20:30
688,Karratha,-20.7377,116.8463,overcast clouds,74.1,76,99,3.99,AU,2022-05-16 17:20:31
689,Rennes,48.1667,-1.6667,clear sky,73.4,53,0,3.6,FR,2022-05-16 17:19:58
690,Labuhan,-6.8844,112.2051,overcast clouds,79.9,83,100,2.72,ID,2022-05-16 17:20:32
691,Bulungu,-4.55,18.6,scattered clouds,80.0,63,41,0.82,CD,2022-05-16 17:20:33
692,Kasongo-Lunda,-6.4667,16.8167,broken clouds,77.3,61,74,1.02,CD,2022-05-16 17:20:33
693,Kinsale,51.7075,-8.5306,broken clouds,58.4,88,75,6.17,IE,2022-05-16 17:20:34
694,Vuktyl,63.8567,57.3094,overcast clouds,42.8,87,100,3.66,RU,2022-05-16 17:20:35
695,Dolinsk,47.35,142.8,broken clouds,43.7,94,72,3.92,RU,2022-05-16 17:20:35
696,Khandbari,27.3747,87.2039,broken clouds,71.2,81,72,1.79,NP,2022-05-16 17:20:36
